Type,Medicine Name,Med Source,Qty,Dosage,Unit,Timing,When,Where,Frequency,Duration,,Generic Name,,,,,,,,,,,
,,
,Skincap Sunscreen Gel 40 SPF,Lib,0,0-0-0,,,Before Sun,On Face,Daily,0,Half hour before going out in sun,,,,,,,,,,,,
CRM.,Momsure Cream,Lib,0,0-0-0,,,,On Rashes,Daily,0,,Mometasone Cream,,,,,,,,,,,
CRM.,Momsure - F Cream,Lib,0,0-0-0,,,,,,0,,Mometasone + Fusidic Acid Cream,,,,,,,,,,,
TAB.,Modifica 150 mg Tablet,Lib,0,0-0-0,mg,,After Food,,Weekly Twice,0,,Levamisole 150mg,,,,,,,,,,,
CAP.,Exage - LC Capsule,Lib,0,0-0-0,,,After Food,,Daily,0,,"Lycopene, Antioxidants fortified with L-lysine Hydrochloride",,,,,,,,,,,
TAB.,Exage - 1K Tablet,Lib,0,0-0-0,,,After Food,,Daily,0,,Vitamin C 1000 mg + Kiwi Extract + Wheat Grass Extract,,,,,,,,,,,
TAB.,Hairage Plus Tablet,Lib,0,0-0-0,,,After Food,,Daily,0,,Biotin 10mg + Calcium Pantothenate 100mg + L-cysteine + DL Methionine,,,,,,,,,,,
OTH.,Sureclin Shampoo,Lib,0,0-0-0,,,During Bath,On Scalp,Alternate Day,0,,Anti Frizz and high conditioning Shampoo,,,,,,,,,,,
CAP.,Itrasure 100 mg Capsule,Lib,0,1-0-1,mg,,After Food,,Daily,0,,Itraconazole 100mg,,,,,,,,,,,
CAP.,Itrasure 200 mg Capsule,Lib,0,1-0-1,mg,,After Food,,Daily,0,,Itraconazole 200mg,,,,,,,,,,,
CRM.,L1-Zole Cream,Lib,0,0-0-0,g,,,On Rashes,Daily,0,,Luliconazole 1% Cream,,,,,,,,,,,
TAB.,Finofine 250 mg Tablet,Lib,0,0-0-1,mg,,After Food,,Daily,0,,Terbinafine 250mg,,,,,,,,,,,Type,Medicine Name,Med Source,Qty,Dosage,Unit,Timing,When,Where,Frequency,Duration,,Generic Name,,,,,,,,,,,
,,
,Skincap Sunscreen Gel 40 SPF,Lib,0,0-0-0,,,Before Sun,On Face,Daily,0,Half hour before going out in sun,,,,,,,,,,,,
CRM.,Momsure Cream,Lib,0,0-0-0,,,,On Rashes,Daily,0,,Mometasone Cream,,,,,,,,,,,
CRM.,Momsure - F Cream,Lib,0,0-0-0,,,,,,0,,Mometasone + Fusidic Acid Cream,,,,,,,,,,,
TAB.,Modifica 150 mg Tablet,Lib,0,0-0-0,mg,,After Food,,Weekly Twice,0,,Levamisole 150mg,,,,,,,,,,,
CAP.,Exage - LC Capsule,Lib,0,0-0-0,,,After Food,,Daily,0,,"Lycopene, Antioxidants fortified with L-lysine Hydrochloride",,,,,,,,,,,
TAB.,Exage - 1K Tablet,Lib,0,0-0-0,,,After Food,,Daily,0,,Vitamin C 1000 mg + Kiwi Extract + Wheat Grass Extract,,,,,,,,,,,
TAB.,Hairage Plus Tablet,Lib,0,0-0-0,,,After Food,,Daily,0,,Biotin 10mg + Calcium Pantothenate 100mg + L-cysteine + DL Methionine,,,,,,,,,,,
OTH.,Sureclin Shampoo,Lib,0,0-0-0,,,During Bath,On Scalp,Alternate Day,0,,Anti Frizz and high conditioning Shampoo,,,,,,,,,,,
CAP.,Itrasure 100 mg Capsule,Lib,0,1-0-1,mg,,After Food,,Daily,0,,Itraconazole 100mg,,,,,,,,,,,
CAP.,Itrasure 200 mg Capsule,Lib,0,1-0-1,mg,,After Food,,Daily,0,,Itraconazole 200mg,,,,,,,,,,,
CRM.,L1-Zole Cream,Lib,0,0-0-0,g,,,On Rashes,Daily,0,,Luliconazole 1% Cream,,,,,,,,,,,
TAB.,Finofine 250 mg Tablet,Lib,0,0-0-1,mg,,After Food,,Daily,0,,Terbinafine 250mg,,,,,,,,,,,
TAB.,Finofine 500 mg Tablet,Lib,0,0-0-1,mg,,After Food,,Daily,0,,Terbinafine 500mg,,,,,,,,,,,
LOT.,K-Sure Lotion,Lib,0,0-0-0,,,During Bath,On Scalp,Alternate Day,0,,Ketoconazole 2% + ZPTO Lotion,,,,,,,,,,,
CAP.,Doxisure - LB Capsule,Lib,0,1-0-1,mg,,After Food,,Daily,0,,Doxycycline 100mg + Lactic Acid Bacillus 5 Billion Spores,,,,,,,,,,,
TAB.,Azathine 500 mg Tablet,Lib,0,0-0-1,mg,,After Food,,,0,,Azithromycin 500 mg,,,,,,,,,,,
,Clindsure Gel,Lib,0,1-0-1,,,Morning and Night,On Face,Daily,0,,Clindamycin Phosphate 1% Gel,,,,,,,,,,,
GEL,Adsure Gel,Lib,0,0-0-1,,15 mins,Night,On Acne,Daily,0,,Adapalene 0.1 w/w Gel,,,,,,,,,,,
,Salysure Foaming Facewash,Lib,0,1-0-1,,,,On Face,Daily,0,,"Glycolic Acid 2%, Salicylic Acid 1, Aloe Vera Extract 5%, Vitamin E Acetate 0.5%",,,,,,,,,,,
CAP.,Cetsure 5 mg Capsule,Lib,0,0-0-0,,,After Food,,Daily,0,,Levocetirizine 5 mg,,,,,,,,,,,
TAB.,Ebbet-DT 10 mg Tablet,Lib,0,0-0-0,mg,,After Food,,Daily,0,,Ebastine 10 mg Dispersible Tablet,,,,,,,,,,,
CRM.,Glaede Cream,Lib,0,0-0-1,,,Night,On Dark Areas,Daily,0,,Kojic Acid 5% + Mag. Ascorbyl Phosphate + Niacinamide + Arbutin + OMC Cream,,,,,,,,,,,
,Glaede Face Wash,Lib,0,1-0-1,,,,On Face,Daily,0,,Skin Whitening and Deep Cleansing Face wash,,,,,,,,,,,
TAB.,Tranxma-ER 250 mg Tablet,Lib,0,0-0-1,mg,,After Food,,Daily,0,,Tranexamic Acid 250 mg extended release Tablet,,,,,,,,,,,
TAB.,Tranxma-ER 500 mg Tablet,Lib,0,0-0-1,mg,,After Food,,Daily,0,,Tranexamic Acid 500 mg extended release Tablet,,,,,,,,,,,
LOT.,Softsure Lotion,Lib,0,0-0-0,,,,,Daily,0,,Advanced Skin Care Moisturizer,,,,,,,,,,,
CRM.,Softsure Cream,Lib,0,0-0-0,,,,,Daily,0,,White Soft Paraffin & Light Liquid Paraffin,,,,,,,,,,,
SOAP,Softsure Soap,Lib,0,0-0-0,,,,,Daily,0,,Vitamine E Acetate & Glycerine Soap,,,,,,,,,,,
SOAP,Softsure Baby Soap,Lib,0,0-0-0,,,,,Daily,0,,Syndet Base with Aloe Butter & Shea Butter Soap,,,,,,,,,,,
CRM.,Perfive 5% Cream,Lib,0,0-0-0,,,Night,As Advised,,0,,Permethrin 5% Cream,,,,,,,,,,,
TAB.,Cloxgent 250 mg Tablet,Lib,0,1-0-1,mg,,After Food,,Daily,0,,Cefurexime Axetil 250 mg Tablet,,,,,,,,,,,
SYP.,Cloxgent 125 mg/5ml Dry Syrup,Lib,0,0-0-0,,,After Food,,Daily,0,,Cefurexime Axetil 125 mg/5ml dry syrup,,,,,,,,,,,
CRM.,Clobkare - NM Cream,Lib,0,0-0-0,,,Morning and Night,On Rashes,Daily,0,,Clobetasol 0.05% + Neomycin Sulphate 0.5% Miconazole Nitrate 2 %,,,,,,,,,,,
CAP.,Dobce Capsules,Lib,0,1-0-1,,,After Food,,Daily,0,,Calcium Dobesilate monohydrate 500 mg,,,,,,,,,,,
TAB.,Dkazi 500 mg Tablet,Lib,0,0-0-1,,,After Food,,Daily,0,,Azithromycin 500 mg,,,,,,,,,,,
TAB.,DKCLAV - 625 mg Tablet,Lib,0,1-0-1,,,After Food,,Daily,0,,Amoxycillin 500 mg + Clavulanic Acid 125 mg Tablet,,,,,,,,,,,
SYP.,Oxifine Syrup,Lib,0,1-0-1,,,After Food,,Daily,0,,Zinc 14 mg + Antioxidants,,,,,,,,,,,
GEL,Cutieyes Under Eye Gel,Lib,0,1-0-1,,,Morning and Night,,Daily,0,,15 gm,,,,,,,,,,,
,Glykare Face Wash Gel,Lib,0,0-0-0,,,Morning and Night,On Face,Daily,0,,"Glycolic Acid, Aloe Vera and Vitamin E",,,,,,,,,,,
CAP.,Isofeel 10 mg Capsule,Lib,0,0-0-1,mg,,After Food,,Daily,0,,Isotretinoin 10 mg,,,,,,,,,,,
CAP.,Isofeel 20 mg Capsule,Lib,0,0-0-1,,,After Food,,Daily,0,,Isotretinoin 20 mg,,,,,,,,,,,
CAP.,Isofeel 30 mg Capsule,Lib,0,0-0-1,,,After Food,,Daily,0,,Isotretinoin 30 mg,,,,,,,,,,,
CAP.,Isofeel 40 mg Capsule,Lib,0,0-0-1,,,After Food,,Daily,0,,Isotretinoin 40 mg,,,,,,,,,,,
CAP.,Oxifine Plus Capsule,Lib,0,0-0-1,,,After Food,,Daily,0,,"Rose Hip Extract, Collagen peptide Type 1, Sodium Hyaluronidate, Sodium Chindroitin Sulphate and Vitamin C",,,,,,,,,,,
TAB.,Tricomax Tablet,Lib,0,0-0-1,,,After Food,,Daily,0,,Biotin 10 mg + Hair specific Nutrients,,,,,,,,,,,
CRM.,Uvkare Plus Cream,Lib,0,0-0-1,,,Night,On Dark Areas,Daily,0,,,,,,,,,,,,,
GEL,UVkare 30 Nano Gel Sunscreen,Lib,0,0-0-0,,,Before Sun,On Face,Daily,0,Half hour before going out in sun,SPF 30 PA+++,,,,,,,,,,,
CAP.,OXIFINE - HC Capsule,Lib,0,0-0-1,,,After Food,,Daily,0,,"Lycopene, Beta Carotene, Zinc, Selenium, Manganese, Copper",,,,,,,,,,,
,Clinadd Gel,Lib,0,1-0-1,,,Morning and Night,On Face,Daily,0,,"Clindamycin 1 %, Nicotinamide 4 %",,,,,,,,,,,
GEL,Clinadd AP Gel,Lib,0,0-0-1,,,Night,On Acne,Daily,0,,Clindamycin 1 % Adapalene 0.1% gel,,,,,,,,,,,
GEL,Clinadd - BP Gel,Lib,0,0-0-1,,,Night,On Acne,Daily,0,,Clindamycin 1 % Benzoyl Peroxide 5 %,,,,,,,,,,,
CRM.,Clobkare Cream,Lib,0,1-0-1,,,Morning and Night,On Rashes,Daily,0,,Clobetasol 0.05% Cream,,,,,,,,,,,
LOT.,Clobkare Lotion,Lib,0,1-0-1,,,Morning and Night,On Scalp,Daily,0,,Clobetasol 0.05% lotion,,,,,,,,,,,
OIN.,Clobkare - MX Ointment,Lib,0,1-0-1,,,Morning and Night,On Rashes,Daily,0,,Clobetasol 0.05% + Salicylic Acid 3% Ointment,,,,,,,,,,,
OIN.,Clobkare - SX Ointment,Lib,0,1-0-1,,,Morning and Night,On Rashes,Daily,0,,Clobetasol 0.05% + Salicylic Acid 6% Ointment,,,,,,,,,,,
CRM.,Clobkare - N Cream,Lib,0,1-0-1,,,Morning and Night,On Rashes,Daily,0,,Clobetasol 0.05% + Neomycin Sulfate 0.5% Cream,,,,,,,,,,,
CRM.,Clobkare - M Cream,Lib,0,1-0-1,,,Morning and Night,On Rashes,Daily,0,,Clobetasol 0.05% + Miconazole Nitrate 2 % Cream,,,,,,,,,,,
CRM.,Clobkare - XL Cream,Lib,0,1-0-1,,,Morning and Night,On Rashes,Daily,0,,"Clobetasol 0.05% , Salicylic Acid 6 %, Lactic Acid 3 %, Urea 10 % Cream",,,,,,,,,,,
CRM.,Cutirol Cream,Lib,0,1-0-1,,,Morning and Night,On Rashes,Daily,0,,Amorolfine 0.25% w/w cream,,,,,,,,,,,
CRM.,Desotec Cream,Lib,0,1-0-1,,,Morning and Night,On Rashes,Daily,0,,Desonide 0.05% w/w,,,,,,,,,,,
CRM.,Fucross - B Cream,Lib,0,1-0-1,,,Morning and Night,On Rashes,Daily,0,,Clotrimazole 2 % + Beclomethasone Dipropionate 0.025%,,,,,,,,,,,
POW.,Fucross Dusting Powder,Lib,0,1-0-1,,,Morning and Night,On Rashes,Daily,0,,Clotrimazole 1 % in Talcum,,,,,,,,,,,
TAB.,Futrap 50 mg DT Tablet,Lib,0,0-0-0,,,After Food,,,0,,Fluconazole 50 mg Dispersible Tablet,,,,,,,,,,,
TAB.,Futrap 150 mg Tablet,Lib,0,0-0-0,,,After Food,,Alternate Day,0,,Fluconazole 150 mg Tablet,,,,,,,,,,,
TAB.,Futrap 400 mg Tablet,Lib,0,0-0-0,,,After Food,,,0,,Fluconazole 400 mg Tablet,,,,,,,,,,,
LOT.,Hard - Q Lotion,Lib,0,0-0-0,,,Morning and Night,On Lesions,Daily,0,,Salicylic Acid 16.7 % + Lactic Acid 16.7 %,,,,,,,,,,,
TAB.,SALACTIN PAINT 10ML,Lib,0,0-0-0,,,Morning and Night,On Lesions,Daily,0,,Salicylic Acid 16.7 % + Lactic Acid 16.7 %,,,,,,,,,,,
CRM.,Halozar Cream,Lib,0,1-0-1,,,Morning and Night,On Rashes,Daily,0,,Halobetasol Propionate 0.05 %,,,,,,,,,,,
LOT.,Halozar Lotion,Lib,0,1-0-1,,,Morning and Night,On Rashes,Daily,0,,Halobetasol Propionate 0.05 % w/v,,,,,,,,,,,
CRM.,Isofeel 0.025 % Cream,Lib,0,0-0-1,,30 mins,Night,On Face,Daily,0,,Tretinoin 0.025 % cream,,,,,,,,,,,
CRM.,Isofeel 0.05 % Cream,Lib,0,0-0-1,,30 mins,Night,On Face,Daily,0,,Tretinoin 0.05 % cream,,,,,,,,,,,
CAP.,Itrabest 100 mg Capsule,Lib,0,1-0-1,,,After Food,,Daily,0,,Itraconazole 100mg,,,,,,,,,,,
CAP.,Itrabest - DS 200 mg Capsule,Lib,0,1-0-1,,,After Food,,Daily,0,,Itraconazole 200mg,,,,,,,,,,,
SOAP,Ketofine Soap,Lib,0,0-0-0,,,,,Daily,0,,"Ketoconazole 1 %, ZPTO, Vit E",,,,,,,,,,,
TAB.,Ketofine 200 mg Tablet,Lib,0,0-0-1,,,After Food,,Daily,0,,Ketoconazole 200 mg Tablet,,,,,,,,,,,
CRM.,Ketofine Cream,Lib,0,1-0-1,,,Morning and Night,On Rashes,Daily,0,,Ketoconazole 2% Cream,,,,,,,,,,,
CRM.,Ketofine - B Cream 15 gm,Lib,0,1-0-1,,,Morning and Night,On Rashes,Daily,0,,Ketoconazole 2% + Beclomethasone Dipropionate 0.025 % Cream,,,,,,,,,,,
CRM.,Lulitec Cream,Lib,0,1-0-1,,,Morning and Night,On Rashes,Daily,0,,Luliconazole 1 %,,,,,,,,,,,
CRM.,Mataret Cream,Lib,0,1-0-1,,,Morning and Night,On Rashes,Daily,0,,Mometasone Furoate 0.1 % Cream,,,,,,,,,,,
TAB.,Methofine 10 Tablet,Lib,0,2-0-0,,,2 hrs before sun exp,,Alternate Day,0,,,,,,,,,,,,,
SOAP,Nobact Soap,Lib,0,0-0-0,,,,,Daily,0,,"Tea Tree Oil, Triclosan, Aloe Vera and Vitamin E Soap",,,,,,,,,,,
CRM.,Mupibest Cream,Lib,0,1-0-1,,,,On Wounds,Daily,0,,Mupirocin 2 %,,,,,,,,,,,
SYP.,Oxepic Syrup 10mg/5ml,Lib,0,5-0-5,,,After Food,,Daily,0,,Hydroxizine Hydrochloride Syrup,,,,,,,,,,,
TAB.,Predbest 4 mg Tablet,Lib,0,1-0-1,mg,,After Food,,Daily,0,,Methylprednisolone 4 mg Tablet,,,,,,,,,,,
TAB.,Predbest 8 mg Tablet,Lib,0,1-0-1,,,After Food,,Daily,0,,Methylprednisolone 8 mg Tablet,,,,,,,,,,,
TAB.,Predbest 16 mg Tablet,Lib,0,1-0-0,,,After Food,,Daily,0,,Methylprednisolone 16 mg Tablet,,,,,,,,,,,
SYP.,Predbest 6mg/5ml Syrup,Lib,0,5-0-5,,,After Food,,Daily,0,,Deflazacort 6 mg / 5 ml Syrup,,,,,,,,,,,
TAB.,Predbest D6 Tablet,Lib,0,1-0-1,,,After Food,,Daily,0,,Deflazacort 6 mg Tablet,,,,,,,,,,,
TAB.,Predbest D30 Tablet,Lib,0,1-0-0,,,After Food,,Daily,0,,Deflazacort 30 mg Tablet,,,,,,,,,,,
CRM.,Psure Cream,Lib,0,0-0-1,,,Night,As advised,Weekly,0,To apply all over the body tonight except face and scalp.,Permethrin 5% Cream,,,,,,,,,,,
TAB.,Prukare Tablet,Lib,0,1-0-1,,,After Food,,Daily,0,,Desloratadine 5mg Tablet,,,,,,,,,,,
TAB.,Prugone 25 mg Tablet,Lib,0,0-0-1,,,After Food,,Daily,0,,Doxepin 25 mg Tablet,,,,,,,,,,,
TAB.,Prugone 10 mg Tablet,Lib,0,0-0-0,,,After Food,,Daily,0,,Doxepin 10 mg Tablet,,,,,,,,,,,
OIN.,Tacrobest 0.03% Ointment,Lib,0,1-0-1,,,,On Rashes,Daily,0,,Tacrolimus 0.03% ointment,,,,,,,,,,,
OIN.,Tacrobest 0.1% Ointment,Lib,0,1-0-1,,,,On White Areas,Daily,0,,Tacrolimus 0.1% ointment,,,,,,,,,,,
TAB.,Terbibest 250 mg Tablet,Lib,0,0-0-1,,,After Food,,Daily,0,,Terbinafine 250mg,,,,,,,,,,,
CRM.,Terbibest Cream,Lib,0,1-0-1,,,,On Rashes,Daily,0,,Terbinafine Hydrochloride Cream,,,,,,,,,,,
PAS.,Tilone - OP Paste,Lib,0,1-1-2001,,,After Food,Mouth Lesions,Daily,0,,Triamcinolone Acetonide Oral Paste,,,,,,,,,,,
TAB.,TRIKARE 25 mg Tablet,Lib,0,1-0-0,,,2 hrs before sun exp,,Alternate Day,0,,Trioxsalen 25 mg Tablet,,,,,,,,,,,
TAB.,Vitcross 50 mg Tablet,Lib,0,0-0-1,,,After Food,,Alternate Day,0,,Levamisole 50mg,,,,,,,,,,,
TAB.,Vitcross 150 mg Tablet,Lib,0,0-0-1,,,After Food,,Weekly Twice,0,,Levamisole 150mg,,,,,,,,,,,
TAB.,Zincobest Tablet,Lib,0,1-0-0,,,After Food,,Daily,0,,Zinc Sulphate monohydrate 150 mg eq. to elemental Zinc 54.6 mg,,,,,,,,,,,
CRM.,Satasun Cream,Lib,0,1-0-1,,,,On Rashes,Daily,0,,Sertaconazole Nitrate 2 %,,,,,,,,,,,
TAB.,ALLERCET 10MG TABLET,Lib,0,0-0-0,,,After Food,,Daily,0,,Cetrizine 10 mg Tablet,,,,,,,,,,,
TAB.,ALLERCET M TABLET,Lib,0,1-0-0,,,After Food,,Daily,0,,Levocetrizine 5 mg + Monteleukast 10 mg,,,,,,,,,,,
SYP.,ALLERCET 5MG/5ML SYRUP,Lib,0,5-0-5,,,After Food,,Daily,0,,Cetrizine 5mg/5ml,,,,,,,,,,,
CRM.,AZIDERM 20% CREAM,Lib,0,0-0-1,,,Night,On Acne and Spots,Daily,0,,Azelic Acid 20 % Cream,,,,,,,,,,,
CRM.,AZIDERM 10% CREAM,Lib,0,0-0-1,,,Night,On Acne and Spots,Daily,0,,Azelic Acid 10 % Cream,,,,,,,,,,,
TAB.,AZILIDE DT 100MG TABLET,Lib,0,0-0-0,,,After Food,,Daily,0,,Azithromycin 100mg Dispersible Tablet,,,,,,,,,,,
TAB.,AZILIDE 250MG TABLET,Lib,0,1-0-1,,,After Food,,Daily,0,,Azithromycin 250 mg Tablet,,,,,,,,,,,
SYP.,AZILIDE 100 SYRUP,Lib,0,5-0-5,,,After Food,,Daily,0,,Azithromycin 100mg/5ml syrup,,,,,,,,,,,
CAP.,BEROCIN CZ Capsule,Lib,0,0-0-1,,,After Food,,Daily,0,,Methylcobalamin 750 mcg + Pyridoxine 3 mg + Folic acid 1.5 gm + ALA 100 mg Capsule,,,,,,,,,,,
CRM.,Betagel - G Cream,Lib,0,1-0-1,,,,On Rashes,Daily,0,,Betamethasone dipropionate 0.05% + Gentamicin 0.1% Cream,,,,,,,,,,,
TAB.,Bicef 250 mg Tablet,Lib,0,1-0-1,,,After Food,,Daily,0,,Cefadroxil 250 mg,,,,,,,,,,,
TAB.,Bicef 500 mg Tablet,Lib,0,1-0-1,,,After Food,,Daily,0,,Cefadroxil 500 mg Tablet,,,,,,,,,,,
CAP.,BIOSTAR GOLD CAPSULE,Lib,0,0-0-1,,,After Food,,Daily,0,,Folic acid 1.5 mg + Cyanocobalamine 15 mcg+ Vit B6 ( Pyridoxine hydrochloride) 3 mg + Chromium Picolinate 250 mcg + Selenium Dioxide 55 mcg equivalent to Elemental Selenium + Zinc sulphate monohydrate,,,,,,,,,,,
LOT.,CALOSOFT AF LOTION,Lib,0,1-0-1,,,,On Rashes,Daily,0,,Calamine 8%+Aloe vera gel 10%+Light liquid Paraffin 10% lotion,,,,,,,,,,,
TAB.,CLARIWIN 250MG TABLET,Lib,0,1-0-1,,,After Food,,Daily,0,,Clarithromycin 250 mg Tablet,,,,,,,,,,,
,Cutiwash Soft Face Wash,Lib,0,1-0-1,,,,On Face,Daily,0,,Lactic Acid 5% 60 ml foaming face wash,,,,,,,,,,,
,Cutiwash Face Wash,Lib,0,1-0-1,,,,On Face,Daily,0,,"Glycolic Acid 1% + Aloe Vera 5%, 60 ml foaming face wash",,,,,,,,,,,
TAB.,DIVON PLUS TABLET,Lib,0,1-0-1,,,After Food,,Daily,0,,Diclofenac sodium 50 mg + Paracetamol 325 mg tab,,,,,,,,,,,
TAB.,Divon S Tablet,Lib,0,1-0-1,,,After Food,,Daily,0,,Diclofenac Potassium 50 mg + Serratiopeptidase 10 mg Tablets,,,,,,,,,,,
TAB.,DOLO 500MG TABLET,Lib,0,1-0-1,,,After Food,,Daily,0,,Paracetamol 500 mg Tablets,,,,,,,,,,,
TAB.,DOLO 650MG TABLET,Lib,0,1-0-1,,,After Food,,Daily,0,,Paracetamol 650 mg Tablets,,,,,,,,,,,
SUS.,EBAST 5mg/5ml SUSPENSION,Lib,0,5-0-5,,,After Food,,Daily,0,,Ebastine 5mg/5ml Suspension,,,,,,,,,,,
TAB.,EBAST 10MG TABLET,Lib,0,1-0-1,,,After Food,,Daily,0,,Ebastine 10 mg Tablet,,,,,,,,,,,
TAB.,EBAST 20MG TABLET,Lib,0,0-0-1,,,After Food,,Daily,0,,Ebastine 20 mg Tablet,,,,,,,,,,,
TAB.,EBAST-M TABLET,Lib,0,1-0-0,,,After Food,,Daily,0,,Ebastine 10 mg + Montelukast 10 mg Tablets,,,,,,,,,,,
TAB.,EROX CV 375MG TABLET,Lib,0,1-0-1,,,After Food,,Daily,0,,Amoxicillin 250mg + Potassium Clavulanate 125 mg Tablet,,,,,,,,,,,
TAB.,EROX CV 625MG TABLET,Lib,0,1-0-1,,,After Food,,Daily,0,,Amoxicillin 500mg + Potassium Clavulanate 125 mg Tablet,,,,,,,,,,,
TAB.,ESOFAG 40MG TABLET,Lib,0,1-0-0,,,Before Breakfast,,Daily,0,,Esomeprazole 40 mg Tablets,,,,,,,,,,,
SYP.,EROX CV 228.5MG SYRUP 30ML,Lib,0,5-0-5,,,After Food,,Daily,0,,Amoxicillin 200mg + Potassium Clavulanate 28.5 mg/5ml,,,,,,,,,,,
CAP.,ESOFAG-D CAPSULE,Lib,0,1-0-0,,,Before Breakfast,,Daily,0,,Esomeprazole 40 mg + Domperidone 30 mg SR Capsules,,,,,,,,,,,
TAB.,FEROX XT Tablet,Lib,0,1-0-0,,,After Food,,Daily,0,,Ferrous ascorbate equivalent to elemental iron 100 mg + Folic acid 1.5 mg Tablets,,,,,,,,,,,
TAB.,FINTRIX 250 mg TABLET,Lib,0,1-0-0,,,After Food,,Daily,0,,Terbinafine HCL 250mg Tablets,,,,,,,,,,,
OIN.,Flurisone Eye Ointment,Lib,0,1-0-1,,,,On Eyelids,Daily,0,,Fluorometholone 0.1% eye ointment,,,,,,,,,,,
CRM.,Glyco - 6 Cream,Lib,0,0-0-1,,,,On Dark Areas,Daily,0,,Glycolic Acid 6% Cream,,,,,,,,,,,
CRM.,Glyco - 12 Cream,Lib,0,0-0-1,,,,On Dark Areas,Daily,0,,Glycolic Acid 12% Cream,,,,,,,,,,,
TAB.,GRAMOCEF CV 200MG TABLET,Lib,0,1-0-1,,,After Food,,Daily,0,,Cefixime 200 mg + Clavulanic acid 125 mg Tablets,,,,,,,,,,,
CRM.,HALODERM Cream,Lib,0,1-0-1,,,,On Rashes,Daily,0,,Halobetasol Propionate Cream 0.05% w/w,,,,,,,,,,,
LOT.,HALODERM 15ML LOTION,Lib,0,1-0-1,,,,On Scalp,Daily,0,,Halobetasol Propionate Lotion 0.05% w/v,,,,,,,,,,,
OIN.,HALODERM - S Ointment,Lib,0,1-0-1,,,,On Rashes,Daily,0,,Halobetasol Propionate 0.05% w/w + salicylic acid 3% Ointment,,,,,,,,,,,
TAB.,Harvest PS Tablet,Lib,0,0-0-1,,,After Food,,Daily,0,,Collagen Peptides 100mg+Grape seed extract 10mg+ Green Tea extract 10mg+ Aminoacids+ Antioxidants+Vitamins& Minerals,,,,,,,,,,,
OIN.,HERPERAX 5% OINTMENT,Lib,0,1-0-1,,,,On Rashes,Daily,0,,Acyclovir 5% Ointment,,,,,,,,,,,
TAB.,HERPERAX 800MG TABLET,Lib,0,1-1-1-1-1,,,After Food,,Daily,0,,Aciclovir 800 mg Tablet,,,,,,,,,,,
TAB.,HERPERAX 400MG TABLET,Lib,0,1-1-2001,,,After Food,,Daily,0,,Aciclovir 400 mg Tablet,,,,,,,,,,,
TAB.,HERPERAX 400MG TABLET,Lib,0,1-1-2001,,,After Food,,Daily,0,,Aciclovir 400 mg Tablet,,,,,,,,,,,
TAB.,HICET-L 5 MG TABLET,Lib,0,1-0-1,,,After Food,,Daily,0,,Levocetirizine 5 mg Tablets,,,,,,,,,,,
CAP.,Isotane 10 mg Capsule,Lib,0,0-0-1,,,After Food,,Daily,0,,Isotretinoin 10mg Capsule,,,,,,,,,,,
CAP.,ISOTANE 20MG Capsule,Lib,0,0-0-1,,,After Food,,Daily,0,,Isotretinoin 20 mg Capsule,,,,,,,,,,,
GEL,KOJIVIT Gel,Lib,0,1-0-1,,,,On Dark Areas,Daily,0,,Kojic acid Dipalmitate 2% + Arbutin 1.5% + Mulberry extract 1 % + Vitamin E acetate 1% + Octinoxate 7.5% Gel,,,,,,,,,,,
GEL,KOJIVIT PLUS GEL,Lib,0,1-0-1,,,,On Dark Areas,Daily,0,,"Kojic acid Dipalmitate 2.5%, Arbutin 1.5%, Glycolic acid 3%, Octinoxate 7.5%, Vitamin E Acetate 1%, Mulberry Extract 1%, Grape seed oil 2% & Allantoin 0.4%",,,,,,,,,,,
TAB.,LEVOBACT 250MG TABLET,Lib,0,1-0-1,,,After Food,,Daily,0,,Levofloxacin 250 mg Tablets,,,,,,,,,,,
TAB.,LORINOL 10MG TABLET,Lib,0,1-0-1,,,After Food,,Daily,0,,Loratadine 10 mg Tablets,,,,,,,,,,,
CRM.,Lycor Cream,Lib,0,1-0-1,,,,On Rashes,Daily,0,,Hydrocortisone 1% Cream,,,,,,,,,,,
GEL,KOJIVIT ULTRA GEL,Lib,0,1-0-1,,,,On Face,Daily,0,,,,,,,,,,,,,
SYP.,MICROCEF CV 50MG SYRUP,Lib,0,5-0-5,,,After Food,,Daily,0,,Cefpodoxime proxetil 50mg + Potassium Clavulanate 31.25 mg/ 5 ml Dry Syrup,,,,,,,,,,,
TAB.,MICROCEF-DT 50MG TABLET,Lib,0,1-0-1,,,After Food,,Daily,0,,Cefpodoxime proxetil 50mg Tablet Dispersible,,,,,,,,,,,
TAB.,MICROCEF CV 200MG TABLET,Lib,0,1-0-1,,,After Food,,Daily,0,,Cefpodoxime proxetil 200mg + Potassium Clavulanate 125 mg Tablets,,,,,,,,,,,
TAB.,MICROCEF CV 100MG TABLET,Lib,0,1-0-1,,,After Food,,Daily,0,,Cefpodoxime proxetil 100mg DT + Potassium Clavulanate 62.5 mg Tablets,,,,,,,,,,,
TAB.,Microcort 6mg Tablet,Lib,0,1-0-1,,,After Food,,Daily,0,,Deflazocort 6 Tablet,,,,,,,,,,,
CAP.,MICRODOX LBX 100 Capsules,Lib,0,1-0-1,,,After Food,,Daily,0,,Doxycycline 100 mg + Lactic Acid Bacillus 5 billion spores enteric coated pellets,,,,,,,,,,,
TAB.,MICROVIR 500MG TABLET,Lib,0,1-1-2001,,,After Food,,Daily,0,,Famciclovir 500 mg Tablets,,,,,,,,,,,
TAB.,MINOLOX 50mg TABLET,Lib,0,1-0-1,,,After Food,,Daily,0,,Minocycline 50 mg Tablets,,,,,,,,,,,
CRM.,MONOGUARD CREAM,Lib,0,1-0-1,,,,On Rashes,Daily,0,,Sertaconazole Nitrate 2% Cream,,,,,,,,,,,
GEL,Nilac Gel,Lib,0,1-0-1,,,,On Face,Daily,0,,Clindamycin phosphate 1% w/w + Nicotinamide 4% w/w with Aloe,,,,,,,,,,,
,NUSOFT SOAP,Lib,0,0-0-0,,,,,Daily,0,,"Syndet base+ olive oil+Kokum butter,Glycerin,Zinc Oxide,Titanium dioxide",,,,,,,,,,,
CRM.,Onetone Cream,Lib,0,0-0-1,,,,On Dark Areas,Daily,0,,"4-n-butylresorcinol 0.3%, 20gm Cream",,,,,,,,,,,
CRM.,Onetone Plus Cream,Lib,0,0-0-1,,,,On Dark Areas,Daily,0,,,,,,,,,,,,,
CAP.,Oxidon Plus Capsule,Lib,0,0-0-1,,,After Food,,Daily,0,,Betacarotene 30mg+ Zinc Sulfate Monohydrate USP 27.5mg+Selenium Dioxide 200mcg+Manganese 2mg+ Copper 1mg,,,,,,,,,,,
TAB.,PANTOTAB 40MG TABLET,Lib,0,1-0-0,,,Before Breakfast,,Daily,0,,Pantoprazole 40 mg Enteric coated Tablets,,,,,,,,,,,
CAP.,PANTOTAB D SR CAPSULE,Lib,0,1-0-0,,,Before Breakfast,,Daily,0,,Pantoprazole 40mg + Domperidone 30 mg SR Capsules,,,,,,,,,,,
GEL,PHOTOBAN SPF 30 AQUAGEL,Lib,0,1-0-0,,,,On Face,,0,Half hour before going out in sun,Octinoxate USP 7.5%+Avobenzone USP 2%+Oxybenzone USP 3%+Octocrylene USP 3%+Zinc Oxide 2%- 100gm aquagel / 60gm aquagel,,,,,,,,,,,
TAB.,PREDACE 4MG TABLET,Lib,0,1-0-1,,,After Food,,Daily,0,,Methyl prednisolone 4 mg Tablets,,,,,,,,,,,
TAB.,PREDACE 8MG TABLET,Lib,0,1-0-1,,,After Food,,Daily,0,,Methyl prednisolone 8mg Tablets,,,,,,,,,,,
TAB.,PREDACE 16MG TABLET,Lib,0,1-0-1,,,After Food,,Daily,0,,Methyl prednisolone 16 mg Tablets,,,,,,,,,,,
CAP.,PREGATOR CAPSULE,Lib,0,0-0-1,,,After Dinner,,Daily,0,,Pregabalin 75 mg + Methylcobalamin 1500 mcg + Alphalipoic Acid 200 mg + Folic Acid 1.5 mg + Pyridoxine 3 mg Capsules,,,,,,,,,,,
TAB.,PULMOCEF CV 250MG TABLET,Lib,0,1-0-1,,,After Food,,Daily,0,,Cefuroxime 250 mg + Clavulanic Acid 62.5 mg Tablets,,,,,,,,,,,
TAB.,RITE O CEF CV 200 TABLET,Lib,0,1-0-1,,,After Food,,Daily,0,,Cefixime 200 mg + Clavulanic acid 125 mg Tablets,,,,,,,,,,,
CRM.,SECALIA CREAM,Lib,0,1-0-1,,,,On Dry Skin,Daily,0,,Glycerin 15% w/w Cream,,,,,,,,,,,
LOT.,SECALIA LOTION,Lib,0,1-0-1,,,,On Dry Skin,Daily,0,,Glycerin IP 15%w/w Lotion,,,,,,,,,,,
CRM.,Triwhite Cream,Lib,0,0-0-1,,,,On Face,Daily,0,,"Tyrostat 2%+ Melanostatine 3% + Beta white 5%, 10gm cream",,,,,,,,,,,
TAB.,Z&B Softlet,Lib,0,0-0-1,,,After Food,,Daily,0,,Pyridoxine 3 mg. + Nicotinamide 100 mg. + Cyanocobalamin 15 mcg.+ Folic acid 1 mg. + Chromium picolinate 250 mcg. + Selenium 100mcg. + Zinc sulphate 61.8 mg. + Lycopene 3 mg. + Inositol 100 mg.,,,,,,,,,,,
TAB.,Bilast 20 mg Tablet,Lib,0,1-0-1,,,After Food,,Daily,0,,Bilastine 20 mg Tablet,,,,,,,,,,,
TAB.,TECZINE 10MG TABLET,Lib,0,0-0-1,,,After Food,,Daily,0,,Levocetirizine 10 mg Tablets,,,,,,,,,,,
OIN.,NEOSPORIN H EYE OINTMENT,Lib,0,1-0-1,,,,On Eyelid,Daily,0,,Polymyxin B (5000units) + Neomycin (3400units) + Bacitracin (400units) + Hydrocortisone (10mg),,,,,,,,,,,
GEL,ERYTHEGO GEL,Lib,0,1-0-1,,,,On Red Areas,Daily,0,,Brimonidine 0.33% Gel,,,,,,,,,,,
GEL,METROGYL DG GEL,Lib,0,1-1-2001,,,,On Red Areas,Daily,0,,Chlorhexidine Gluconate (0.25% w/w) + Metronidazole (1% w/w),,,,,,,,,,,
SOL.,MORR F 10 % SOLUTION,Lib,0,1-0-1,,,,On Scalp,Daily,0,,Minoxidil (10% w/v) + Finasteride (0.1% w/v),,,,,,,,,,,
SOL.,REGAINE 5% SOLUTION,Lib,0,1-0-1,,,,On Scalp,Daily,0,,Minoxidil (5% w/v) solution,,,,,,,,,,,
SOL.,REGAINE 2% SOLUTION,Lib,0,1-0-1,,,,On Scalp,Daily,0,,Minoxidil 2% w/v solution,,,,,,,,,,,
TAB.,FINAX 1MG TABLET,Lib,0,0-0-1,,,After Food,,Daily,0,,Finasteride 1 mg,,,,,,,,,,,
,MONOGUARD SHAMPOO,Lib,0,0-0-0,,,,On Scalp,Alternate Day,0,,,,,,,,,,,,,
CRM.,MOMATE F CREAM,Lib,0,1-0-1,,,,On Rashes,Daily,0,,Mometasone + Fusidic Acid Cream,,,,,,,,,,,
CRM.,MOMATE CREAM,Lib,0,1-0-1,,,,On Rashes,Daily,0,,Mometasone Furoate 0.1 % Cream,,,,,,,,,,,
,EPISOFT CLEANSING 125ML LOTION,Lib,0,0-0-0,,,,,Daily,0,,Ctearyl alcohol and Cetostearyl alcohol,,,,,,,,,,,
,Helina Cleansing Lotion,Lib,0,0-0-0,,,,,Daily,0,,Ctearyl alcohol and Cetostearyl alcohol,,,,,,,,,,,
CRM.,IBGLOW ULTRA CREAM,Lib,0,0-0-1,,,,On Dark Areas,Daily,0,,HYDROQUINONE 2 % w/w tetrahydrocurcumin,,,,,,,,,,,
CRM.,HYDRAVO SKIN RENEWING MOISTURIZER CREAM,Lib,0,0-0-0,,,,On Face,Daily,0,,,,,,,,,,,,,
GEL,Softscreen Tint Sunscreen Gel,Lib,0,1-0-0,,,,On Face,Daily,0,Half hour before going out in sun,,,,,,,,,,,,
CRM.,COSVATE G CREAM,Lib,0,0-0-0,,,,On Rashes,Daily,0,,Clobetasol 0.05% + Gentamycin Cream,,,,,,,,,,,
SOAP,Psure Soap,Lib,0,0-0-0,,,,,Daily,0,,Permethrin 1 % Soap,,,,,,,,,,,
CRM.,IVREA CREAM,Lib,0,0-0-1,,,,As Advised,Weekly,0,,Ivermectin,,,,,,,,,,,
TAB.,BANDY PLUS TABLET,Lib,0,0-0-1,,,After Dinner,,,0,,Albendazole 400 mg Ivermectin 6 mg,,,,,,,,,,,
SUS.,VERMACT PLUS Suspension,Lib,0,0-0-10,,,After Dinner,,,0,,Ivermectin (1.5mg) + Albendazole (200mg),,,,,,,,,,,
TAB.,VALCIVIR 1000MG TABLET,Lib,0,1-1-2001,,,After Food,,Daily,0,,Valacyclovir 1 gm,,,,,,,,,,,
TAB.,VALCIVIR 500MG TABLET,Lib,0,1-0-1,,,After Food,,Daily,0,,Valacyclovir 500 mg,,,,,,,,,,,
TAB.,ROXID 150MG TABLET,Lib,0,1-0-1,,,After Food,,Daily,0,,Roxithromycin 150 mg Tablet,,,,,,,,,,,
,PROTAR K LOTION,Lib,0,0-0-0,,,,On Scalp,Alternate Day,0,,Coal Tar + Ketoconazole,,,,,,,,,,,
LOT.,TOPISAL 3% LOTION,Lib,0,1-0-1,,,,On Scalp,Daily,0,,Clobetasol 0.05% + Salicylic Acid 3% lotion,,,,,,,,,,,
TAB.,FOLITRAX 7.5MG TABLET,Lib,0,0-0-1,,,After Food,,Weekly,0,,Methotrexate 7.5mg,,,,,,,,,,,
TAB.,FOLVITE 5MG TABLET,Lib,0,0-0-1,,,After Food,,,0,,Folic Acid 5 mg,,,,,,,,,,,
TAB.,Pravy 30 mg Tablet,Lib,0,1-0-1,,,After Food,,Daily,0,,Apremilast 30 mg,,,,,,,,,,,
TAB.,APREZO 30 MG TABLET,Lib,0,1-0-1,,,After Food,,Daily,0,,Apremilast 30 mg,,,,,,,,,,,
TAB.,Pravy Kit,Lib,0,0-0-0,,,After Food,,Daily,0,,,,,,,,,,,,,
CRM.,NUFORCE GM CREAM,Lib,0,1-0-1,,,,As Advised,Daily,0,,Beclomethasone (0.025% w/w) + Neomycin (0.5% w/w) + Clotrimazole (1% w/w),,,,,,,,,,,
TAB.,OF 200MG TABLET,Lib,0,1-0-1,,,After Food,,Daily,0,,Ofloxacin 200 mg,,,,,,,,,,,
TAB.,OMNACORTIL 10MG TABLET,Lib,0,1-0-1,,,After Food,,Daily,0,,Prednisolone 10 mg Tablets,,,,,,,,,,,
TAB.,OMNACORTIL 20MG TABLET,Lib,0,1-0-1,,,After Food,,Daily,0,,Prednisolone 20 mg Tablets,,,,,,,,,,,
TAB.,OMNACORTIL 5MG TABLET,Lib,0,1-0-1,,,After Food,,Daily,0,,Prednisolone 5 mg Tablets,,,,,,,,,,,
CRM.,FLUTIVATE CREAM,Lib,0,1-0-1,,,,On Rashes,Daily,0,,Fluticasone Propionate (0.05% w/w),,,,,,,,,,,
,Cetrilak Mild Scalp Wash,Lib,0,1-0-0,,,,On Scalp,Daily,0,,Cetrimide,,,,,,,,,,,
CRM.,FLONIDA 5% CREAM,Lib,0,0-0-0,,,,As Advised,Daily,0,,5 - FloroUracil,,,,,,,,,,,
CRM.,Flonida 1% Cream,Lib,0,1-0-1,,,,As Advised,Daily,0,,5 - FloroUracil 1%,,,,,,,,,,,
CRM.,TAZRET FORTE CREAM,Lib,0,1-0-1,,,,On Lesions,Daily,0,,Tazarotene Cream,,,,,,,,,,,
GEL,Lashield Sunscreen Gel,Lib,0,1-0-0,,,,On Face,Daily,0,Half hour before going out in sun,,,,,,,,,,,,
LOT.,FLUCORT FORTE LOTION,Lib,0,1-0-1,,,,On Scalp,Daily,0,,Fluocinolone acetonide (0.025% w/v),,,,,,,,,,,
CRM.,Imiquad Cream,Lib,0,0-0-1,,,,As Advised,Alternate Day,0,,Imiquimod 5% w/w,,,,,,,,,,,
CRM.,EBERNET M CREAM,Lib,0,1-0-1,,,,On Rashes,Daily,0,,Eberconazole with Mometasone,,,,,,,,,,,
LOT.,VENUSIA MAX LOTION,Lib,0,1-0-1,,,,On Dry Skin,Daily,0,,,,,,,,,,,,,
CRM.,VENUSIA MAX CREAM,Lib,0,1-0-1,,,,On Dry Skin,Daily,0,,,,,,,,,,,,,
LOT.,Adril Lotion,Lib,0,1-0-1,,,,On Rashes,Daily,0,,,,,,,,,,,,,
SOAP,NOBACT,Lib,0,0-0-0,,,,,Daily,0,,"Tea Tree Oil, Triclosan, Aloe Vera and Vitamin E Soap",,,,,,,,,,,
SOL.,REGAINE 5% SOLUTION,Lib,0,1-0-1,,,,On Scalp,Daily,0,,Minoxidil (5% w/v solution),,,,,,,,,,,
LOT.,FLUCORT LOTION,Lib,0,0-0-0,,,,,,0,,Fluocinolone 0.025 %W/V,,,,,,,,,,,
,MELGAIN 2ML LOTION,Lib,0,0-0-0,,,,,,0,,,,,,,,,,,,,
LOT.,SCABPER LOTION,Lib,0,0-0-1,,,,,,0,,,,,,,,,,,,,
TAB.,SHELCAL 500MG TABLET,Lib,0,0-0-1,,,After Food,,,0,,,,,,,,,,,,,
CAP.,i-phytoral 100 mg Capsule,Lib,0,1-0-1,,,After Food,,,0,,Itraconazole 100 mg,,,,,,,,,,,
CAP.,i-phytoral 200 mg Capsule,Lib,0,1-0-1,,,After Food,,,0,,Itraconazole 200 mg,,,,,,,,,,,
,MICROBACT 250MG TABLET,Lib,0,1-0-1,,,After Food,,,0,,,,,,,,,,,,,
CRM.,Femisone Cream,Lib,0,1-0-1,,,,,,0,,Fluticasone Propionate cream,,,,,,,,,,,
TAB.,Forlecet - 5 Tablet,Lib,0,1-0-1,,,After Food,,,0,,Levocetirizine,,,,,,,,,,,
TAB.,FORLECET - 10 TABLET,Lib,0,0-0-1,,,After Food,,,0,,LEVOCETIRIZINE,,,,,,,,,,,
TAB.,FORLECET - M TABLET,Lib,0,1-0-0,,,After Food,,,0,,LEVOCETIRIZINE + MONTELEUKAST,,,,,,,,,,,
TAB.,IVEMED - 12,Lib,0,0-0-1,,,After Food,,,0,,Ivermectin 12,,,,,,,,,,,
CRM.,FORLICAN CREAM,Lib,0,1-0-1,,,,,Daily,0,,LULICONAZOLE CREAM,,,,,,,,,,,
GEL,acnerest gel,Lib,0,1-0-1,,,,,Daily,0,,clindamycin + nicotinamide,,,,,,,,,,,
SOAP,ACNEGLOW SOAP,Lib,0,0-0-0,,,,,Daily,0,,,,,,,,,,,,,
GEL,ACNEGLOW FACE WASH,Lib,0,0-0-0,,,,,Daily,0,,,,,,,,,,,,,
SOAP,K2FOR SOAP,Lib,0,0-0-0,,,,,Daily,0,,,,,,,,,,,,,
SOAP,FORISCAB SOAP,Lib,0,0-0-0,,,,,Daily,0,,,,,,,,,,,,,
CRM.,ECZIMOIST CREAM,Lib,0,1-0-1,,,,,Daily,0,,,,,,,,,,,,,
CRM.,DRYMOIST MAX CREAM,Lib,0,1-0-1,,,,,Daily,0,,,,,,,,,,,,,
SOAP,DERYN SOAP,Lib,0,0-0-0,,,,,Daily,0,,,,,,,,,,,,,
LOT.,DRYMOIST LOTION,Lib,0,1-0-1,,,,,Daily,0,,,,,,,,,,,,,
GEL,UV-GLEAM 50+ SUNSCREEN GEL,Lib,0,0-0-0,,,,,Daily,0,,,,,,,,,,,,,
,GROWKARE SHAMPOO,Lib,0,0-0-0,,,,,,0,EVERYDAY SHAMPOO,EVERYDAY SHAMPOO,,,,,,,,,,,
CAP.,FOR E-200 CAPSULES,Lib,0,0-0-1,,,,,Daily,0,,,,,,,,,,,,,
CAP.,FOR E-400 CAPSULE,Lib,0,0-0-1,,,,,Alternate Day,0,,,,,,,,,,,,,
CAP.,ostokem capsule,Lib,0,1-0-0,,,After Food,,,0,,calcium carbonate 500 calcitriol 0.25mcg zinc 7.5,,,,,,,,,,,
CAP.,ostokem - 60k,Lib,0,1-0-0,,,After Food,,Weekly,0,,,,,,,,,,,,,
TAB.,vitcross forte tablet,Lib,0,0-0-1,,,After Food,,Daily,0,,,,,,,,,,,,,
CAP.,oxifine - 369 capsule,Lib,0,0-0-1,,,After Food,,Daily,0,,,,,,,,,,,,,
,tricomax forte lotion,Lib,0,1-0-1,,,Morning and Night,,Daily,0,,,,,,,,,,,,,
,fucross - B lotion,Lib,0,1-0-1,,,,,Daily,0,,clotrimazole and beclomethasone,,,,,,,,,,,
CAP.,dkdox - lb capsule,Lib,0,1-0-1,,,After Food,,Daily,0,,,,,,,,,,,,,
,clido soap,Lib,0,0-0-0,,,,,Daily,0,,clindamycin + benzoyl peroxide,,,,,,,,,,,
,protrap capsule,Lib,0,1-0-0,,,After Food,,Daily,0,,,,,,,,,,,,,
,uvkare cream,Lib,0,0-0-1,,,,,,0,,hydroquinone tretinoin 0.025 mometasone,,,,,,,,,,,
,oxifine tx cream,Lib,0,0-0-1,,,,,,0,,,,,,,,,,,,,
,ABZORB POWDER,Rem,0,0-0-0,,,,,daily,0,,,,,,,,,,,,,
,ACNEMOIST CREAM,Rem,0,1-1-2001,,,,,daily,0,,,,,,,,,,,,,
,ALKASOL 200ML SYRUP,Rem,0,1-0-1,,,Morning and Night,,daily,0,,,,,,,,,,,,,
,ALLEGRA 120MG TABLET,Rem,0,1-0-1,,,Morning and Evening,,daily,0,,,,,,,,,,,,,
,ALTRIS 5 SOLUTION,Rem,0,0-0-1,,,Night,,daily,0,,,,,,,,,,,,,
,ANOVATE CREAM,Rem,0,1-1-2001,,,,,daily,0,,,,,,,,,,,,,
,ANTOXID HC CAPS,Rem,0,0-0-0,,,,,daily,0,,,,,,,,,,,,,
,ANTOXID HC CAPSULE,Rem,0,0-0-1,,,After Food,,daily,0,,,,,,,,,,,,,
,APRENEXT 30 TABLET,Rem,0,1-0-1,,,After Food,,daily,0,,,,,,,,,,,,,
,ARTHLAST KIT,Rem,0,0-0-0,,,,,daily,0,,,,,,,,,,,,,
,AUGMENTIN DUO 1000MG TABLET,Rem,0,1-0-1,,,Morning and Night,,daily,0,,,,,,,,,,,,,
,AVARTA UNDER EYE 10GM CREAM,Rem,0,1-0-1,,,Morning and Night,,daily,0,,,,,,,,,,,,,
,AZATHINE 500MG TABLET,Rem,0,1-0-0,,,After Food,,weekly twice,0,,,,,,,,,,,,,
,AZILIDE 500MG TABLET,Rem,0,1-0-0,,,After Food,,alternate day,0,,,,,,,,,,,,,
,AZITHRAL 100MG TABLET,Rem,0,1-0-1,,,Morning and Night,,daily,0,,,,,,,,,,,,,
,AZITHRAL 250MG TABLET,Rem,0,1-0-1,,,After Food,,daily,3 Days,,,,,,,,,,,,,
,BEROCIN CZ CAPSULE,Rem,0,0-0-1,,,After Food,,daily,0,,,,,,,,,,,,,
,BETAGEL G 20GM CREAM,Rem,0,1-0-1,,,,,daily,0,,,,,,,,,,,,,
,BONTRESS HAIR REVITALISING 150ML SHAMPOO,Rem,0,1-0-0,,,,,alternate day,0,,,,,,,,,,,,,
,CALCIROL SACHET,Rem,0,1-0-0,,,After Food,,weekly,0,,,,,,,,,,,,,
LOT.,CALOSOFT-AF,Rem,0,0-0-0,,,,,daily,0,,,,,,,,,,,,,
,CALOSOFT-AF LOTION,Rem,0,1-0-1,,,Morning and Night,,daily,0,,,,,,,,,,,,,
,CANDID MOUTH PAINT,Rem,0,1-0-1,,,After Food,,daily,0,,,,,,,,,,,,,
,CANDID MOUTH PAINT 20ML LIQUID,Rem,0,1-0-1,,,After Food,,daily,0,,,,,,,,,,,,,
,CEFF KID TABLET,Rem,0,1-0-1,,,After Food,,daily,0,,,,,,,,,,,,,
,CETZINE 5MG/5ML SYRUP,Rem,0,0-0-0,,,After Food,,daily,0,,,,,,,,,,,,,
,CHAPTEX LIP BALM,Rem,0,1-1-2001,,,,,daily,0,,,,,,,,,,,,,
,CHITOMESH SF CREAM,Rem,0,1-0-1,,,Morning and Night,,daily,0,,,,,,,,,,,,,
,CHLORHEXIDINE MOUTH WASH,Rem,0,1-1-2001,,,,,daily,0,,,,,,,,,,,,,
,CLOBKARE - CS OINTMENT,Rem,0,1-0-1,,,Morning and Night,,daily,0,,,,,,,,,,,,,
,CLOXGENT 250 TABLET,Rem,0,1-0-1,,,After Food,,daily,0,,,,,,,,,,,,,
,COCONUT OIL,Rem,0,1-0-1,,,Morning and Night,,daily,0,,,,,,,,,,,,,
,CROCIN 120MG 60ML SYRUP,Rem,0,0.5-0.5-0.5,,,After Food,,daily,0,,,,,,,,,,,,,
,CROTORAX HC CREAM,Rem,0,1-0-1,,,Morning and Night,,daily,0,,,,,,,,,,,,,
,D-LORINOL TABLET,Rem,0,0-0-1,,,After Food,,daily,0,,,,,,,,,,,,,
,DAPSONE 100MG TABLET,Rem,0,1-0-0,,,After Food,,daily,0,,,,,,,,,,,,,
,DEJAC 30MG TABLET,Rem,0,0-0-1,,,Night,,daily,0,,,,,,,,,,,,,
,DEPIN RETARD 20MG TABLET,Rem,0,0-0-1,,,After Food,,daily,0,,,,,,,,,,,,,
,DEPIWHITE EYE CONTOUR GEL,Rem,0,1-0-1,,,Morning and Night,,daily,0,,,,,,,,,,,,,
,DERIVA BPO GEL 15GM GEL,Rem,0,1-1-2001,,,,,daily,0,,,,,,,,,,,,,
,DERMOCALM 100ML LOTION,Rem,0,1-0-1,,,Morning and Night,,daily,0,,,,,,,,,,,,,
,DERMOCALM LOTION,Rem,0,1-0-0,,,Morning,,daily,0,,,,,,,,,,,,,
,DESOWEN CREAM,Rem,0,1-0-1,,,Morning and Night,,daily,0,,,,,,,,,,,,,
,DEXORANGE SYRUP,Rem,0,1-0-1,,,Morning and Night,,daily,0,,,,,,,,,,,,,
,DOLOGEL CT GEL 10 GM,Rem,0,1-1-2001,,,Before Food,,daily,0,,,,,,,,,,,,,
,DOLOWIN PLUS TABLET,Rem,0,1-1-2001,,,After Food,,daily,0,,,,,,,,,,,,,
,EBAST M TABLET,Rem,0,1-0-0,,,After Food,,daily,0,,,,,,,,,,,,,
,EBBET 10 MG TABLET,Rem,0,1-0-1,,,After Food,,daily,0,,,,,,,,,,,,,
,ELASTODERM CREAM,Rem,0,1-0-1,,,Morning and Night,,daily,0,,,,,,,,,,,,,
,ELOCON 10GM OINTMENT,Rem,0,0-0-1,,,Night,,daily,0,,,,,,,,,,,,,
,ELTOCIN SYRUP,Rem,0,1-0-1,,,After Food,,daily,0,,,,,,,,,,,,,
,EVION 400MG CAPSULE,Rem,0,0-0-1,,,After Food,,alternate day,0,,,,,,,,,,,,,
,FINBEST 1MG TABLET,Rem,0,0-0-1,,,After Food,,daily,0,,,,,,,,,,,,,
,FINTRIX 250MG TAB,Rem,0,0-0-1,,,After Food,,daily,0,,,,,,,,,,,,,
,FINTRIX 250MG TABLET,Rem,0,1-0-0,,,After Food,,daily,0,,,,,,,,,,,,,
,FLUDAC 20MG CAPSULE,Rem,0,0-0-1,,,After Food,,daily,0,,,,,,,,,,,,,
,FOLICA HAIR TINCTURE SOLUTION,Rem,0,0-0-1,,,Night,,daily,0,,,,,,,,,,,,,
,FOLITRAX 10 MG TABLET,Rem,0,0-0-1,,,After Food,,weekly,0,,,,,,,,,,,,,
,FOLITRAX 10MG TABLET,Rem,0,0-0-1,,,After Food,,weekly,0,,,,,,,,,,,,,
,FOLITRAX 12.5MG TABLET,Rem,0,0-0-1,,,After Food,,weekly,0,,,,,,,,,,,,,
,FOLITRAX 15MG TABLET,Rem,0,0-0-1,,,After Food,,weekly,0,,,,,,,,,,,,,
,FOLITRAX 17.5 MG TABLET,Rem,0,0-0-1,,,After Food,,weekly,0,,,,,,,,,,,,,
,FOLITRAX 5MG TABLET,Rem,0,0-0-1,,,After Food,,weekly,0,,,,,,,,,,,,,
,FOR E-200 CAPSULE,Rem,0,0-0-1,,,After Food,,daily,0,,,,,,,,,,,,,
,FUCIBET CREAM,Rem,0,1-0-1,,,Morning and Night,,daily,0,,,,,,,,,,,,,
,FUL ACT SYRUP,Rem,0,1-0-1,,,After Food,,daily,0,,,,,,,,,,,,,
,GABADAY - L GEL,Rem,0,1-0-1,,,Morning and Night,,daily,0,,,,,,,,,,,,,
,GLYCO 6 CREAM,Rem,0,0-0-1,,,EVENING,,daily,0,,,,,,,,,,,,,
,GRISOVIN FP 250MG TABLET,Rem,0,1-0-1,,,With Milk,,daily,0,,,,,,,,,,,,,
,HAIRSOFT AD 100ML LOTION,Rem,0,0-0-0,,,,,alternate day,0,,,,,,,,,,,,,
,HAIRSOFT AD SHAMPOO,Rem,0,0-0-0,,,,,alternate day,0,,,,,,,,,,,,,
,HALODERM LOTION,Rem,0,0-0-1,,,Night,,daily,0,,,,,,,,,,,,,
,HALODERM OINTMENT,Rem,0,1-0-1,,,Morning and Night,,daily,0,,,,,,,,,,,,,
,HALOVATE F 10GM CREAM,Rem,0,1-0-1,,,Morning and Night,,daily,0,,,,,,,,,,,,,
,HALOVATE F CREAM,Rem,0,1-0-1,,,Morning and Night,,daily,0,,,,,,,,,,,,,
,HANSEPRAN 100MG CAPSULE,Rem,0,1-0-0,,,After Food,,daily,0,3 capsules on day 1 followed by 1 capsule every day,,,,,,,,,,,,
,HCQS 200MG TABLET,Rem,0,1-0-0,,,After Food,,daily,0,,,,,,,,,,,,,
,HELINA CLEANSING LOTION / EPISOFT LOTION,Rem,0,0-0-0,,,,,daily,0,,,,,,,,,,,,,
,HEXILAK ULTRA GEL,Rem,0,1-0-1,,,Morning and Night,,daily,0,,,,,,,,,,,,,
,I-PHYTORAL 200 CAPSULE,Rem,0,1-0-1,,,After Food,,daily,0,,,,,,,,,,,,,
,ISOFEEL 0.1% GEL,Rem,0,0-0-1,,,Night,,daily,0,,,,,,,,,,,,,
,ITRABEST 100 CAPSULE,Rem,0,1-0-1,,,After Food,,daily,0,,,,,,,,,,,,,
,IVEMED - 12 TABLET,Rem,0,0-0-1,,,After Food,,stat,0,,,,,,,,,,,,,
,IVERMECTOL 12MG TABLET,Rem,0,0-0-1,,,After Food,,stat,0,,,,,,,,,,,,,
,KETOFINE - B CREAM,Rem,0,1-0-1,,,Morning and Night,,daily,0,,,,,,,,,,,,,
,KETOFINE - B CREAM 30 GM,Rem,0,1-0-1,,,Morning and Night,,daily,0,,,,,,,,,,,,,
,L-TRIX CREAM,Rem,0,1-0-1,,,Morning and Evening,,daily,0,,,,,,,,,,,,,
,L1-ZOLE CREAM,Rem,0,1-0-1,,,Morning and Evening,,daily,0,,,,,,,,,,,,,
,LA MASTIISE HAIR SERUM,Rem,0,1-0-1,,,Morning and Night,,daily,0,,,,,,,,,,,,,
,LIMCEE 500MG TABLET,Rem,0,0-0-1,,,After Food,,daily,0,,,,,,,,,,,,,
,LORINOL MD TABLET,Rem,0,1-0-1,,,After Food,,daily,0,,,,,,,,,,,,,
,LULIFIN CREAM,Rem,0,1-0-1,,,Morning and Night,,daily,0,,,,,,,,,,,,,
,LUMISE FACE CLEANSER,Rem,0,1-0-1,,,,,daily,0,,,,,,,,,,,,,
,MB-MDT,Rem,0,0-0-0,,,,,daily,0,as advised by Govt. Hospital,,,,,,,,,,,,
,MEDIFIN DRESSING,Rem,0,1-0-0,,,Morning,,daily,0,,,,,,,,,,,,,
,MEGALIS 10MG TABLET,Rem,0,0-0-0.5,,,After Food,,weekly twice,0,,,,,,,,,,,,,
,MELANOCYL SOLUTION 25ML,Rem,0,1-0-0,,,Morning,,daily,0,15 minutes followed by sun exposure for 10 minutes,,,,,,,,,,,,
,METHOFINE 20 TABLET,Rem,0,1-0-0,,,After Food,,alternate day,0,,,,,,,,,,,,,
,METROGYL 2% GEL,Rem,0,0-0-1,,,Night,,daily,0,,,,,,,,,,,,,
,METROGYL 400MG TABLET,Rem,0,1-0-1,,,After Food,,daily,5 Days,,,,,,,,,,,,,
,METROGYL GEL,Rem,0,0-0-0,,,,,daily,0,,,,,,,,,,,,,
,MICROBACT 250MG TAB,Rem,0,1-0-1,,,After Food,,daily,0,,,,,,,,,,,,,
,MICROBACT 500MG TABLET,Rem,0,1-0-0,,,After Food,,weekly thrice,0,,,,,,,,,,,,,
,MICROCEF 100 DT TABLET,Rem,0,1-0-1,,,After Food,,daily,0,,,,,,,,,,,,,
,MICROCEF 200MG TABLET,Rem,0,1-0-1,,,After Food,,daily,0,,,,,,,,,,,,,
,MICROCEF 50 MG TABLET,Rem,0,1-0-1,,,Morning and Night,,daily,0,,,,,,,,,,,,,
,MICROCEF CV 50MG 30ML SYRUP,Rem,0,0-0-0.5,,,After Food,,daily,0,,,,,,,,,,,,,
,MICRODOX-LBX CAPSULE,Rem,0,1-0-1,,,After Food,,daily,0,,,,,,,,,,,,,
,MILDY 100ML SHAMPOO,Rem,0,1-0-0,,,,,daily,0,,,,,,,,,,,,,
,MINTOP PRO LOTION,Rem,0,1-0-1,,,Morning and Night,,daily,0,,,,,,,,,,,,,
,MINTOP YUVA 5 % SOLUTION,Rem,0,1-0-1,,,Morning and Night,,daily,0,,Minoxidil 5 %,,,,,,,,,,,
,MINTOP YUVA 5 % SOLUTION 1ML,Rem,0,1-0-1,,,Morning and Night,,daily,0,,,,,,,,,,,,,
,MINTOP YUVA 5 % SOLUTION 2ML,Rem,0,1-0-1,,,Morning and Night,,daily,0,,,,,,,,,,,,,
,MINTOP YUVA SOLUTION,Rem,0,1-0-1,,,Morning and Night,,daily,0,,,,,,,,,,,,,
,MOMATE-F CREAM,Rem,0,1-0-1,,,Morning and Night,,daily,0,,,,,,,,,,,,,
,MONTAIR LC TABLET,Rem,0,1-0-0,,,After Food,,daily,0,,,,,,,,,,,,,
,MORR 10 % SOLUTION,Rem,0,1-0-1,,,Morning and Night,,daily,0,,,,,,,,,,,,,
,MORR 10 % SOLUTION 1ML,Rem,0,1-0-1,,,Morning and Night,,daily,0,,,,,,,,,,,,,
,MORR F 10 % SOLUTION 1ML,Rem,0,1-0-1,,,Morning and Night,,daily,0,,,,,,,,,,,,,
,MUPIBEST OINTMENT,Rem,0,1-0-0,,,Morning,,daily,0,,,,,,,,,,,,,
,NADIBACT GEL,Rem,0,1-0-1,,,Morning and Night,,daily,0,,,,,,,,,,,,,
,NADOXIN 10GM GEL,Rem,0,1-0-0,,,Morning,,daily,0,,,,,,,,,,,,,
,NADOXIN GEL,Rem,0,1-0-1,,,Morning and Night,,daily,0,,,,,,,,,,,,,
,NADOXIN-A GEL,Rem,0,1-0-1,,,Morning and Night,,daily,0,short contact for 15 mins,,,,,,,,,,,,
,NB-UVB 311NM PHOTOTHERAPY,Rem,0,1-0-0,,,,,alternate day,0,with precautions as adviced,,,,,,,,,,,,
,NICOGLOW 250 TABLET,Rem,0,1-1-2001,,,After Food,,daily,0,,Niacinamide 250 mg,,,,,,,,,,,
,NOSWET ROLL ON,Rem,0,0-0-1,,,Night,,alternate day,0,,,,,,,,,,,,,
,NOSWET ROLL ON SPRAY,Rem,0,0-0-1,,,Night,,alternate day,0,,,,,,,,,,,,,
,NUTRICAP H CAPSULE,Rem,0,1-0-0,,,After Food,,daily,0,,,,,,,,,,,,,
,OCID 20MG CAPSULE,Rem,0,1-0-0,,,Before Food,,daily,0,,,,,,,,,,,,,
,OMNACORTIL ORAL SUSPENSION 5MG/5ML,Rem,0,1-0-1,,,After Food,,daily,0,,,,,,,,,,,,,
,OSTOKEM - 60K CAPSULE,Rem,0,0-0-1,,,After Food,,weekly,0,,,,,,,,,,,,,
,OXIFINE - PM 75 TABLET,Rem,0,0-0-1,,,After Food,,daily,0,,,,,,,,,,,,,
,PACROMA 10GM CREAM,Rem,0,0-0-0,,,,,daily,0,,,,,,,,,,,,,
,PAROXEE 25MG TABLET,Rem,0,0-0-1,,,After Food,,daily,0,,,,,,,,,,,,,
,PAROXEE CR 12.5MG TABLET,Rem,0,0-0-1,,,After Food,,daily,0,,,,,,,,,,,,,
,PAROXEE CR 25MG TABLET,Rem,0,0-0-1,,,After Food,,weekly twice,0,,,,,,,,,,,,,
,PERFIVE 5% LOTION,Rem,0,1-0-0,,,Morning,,as advised,0,,,,,,,,,,,,,
,PHOTOBAN LOTION,Rem,0,1-0-0,,,Morning,,daily,0,Forearms,,,,,,,,,,,,
,PHOTOBAN SPF 50 AQUAGEL 60GM GEL,Rem,0,0-0-0,,,Morning,,daily,0,,,,,,,,,,,,,
,PHOTOSTABLE SUNSCREEN SPF 40 75GM GEL,Rem,0,0-0-0,,,Morning,,daily,0,,,,,,,,,,,,,
,PROFULVIN 250MG TABLET,Rem,0,1-0-1,,,with milk,,daily,0,,,,,,,,,,,,,
,PROFULVIN 500 MG TABLET,Rem,0,1-0-0,,,with Milk,,daily,0,,,,,,,,,,,,,
,PROTAR K LOTION (SHAMPOO),Rem,0,0-0-0,,,,,alternate day,0,,,,,,,,,,,,,
,PRUKARE 5 MG TABLET,Rem,0,0-0-1,,,After Food,,daily,0,,,,,,,,,,,,,
,Q-CAR FORTE TABLET,Rem,0,1-0-0,,,After Food,,daily,0,,,,,,,,,,,,,
,R-CIN 600 MG CAPSULE,Rem,0,1-0-0,,,Before Breakfast,,stat,0,,,,,,,,,,,,,
,RABPACK-DSR CAPSULE,Rem,0,1-0-0,,,Before Breakfast,,daily,0,,,,,,,,,,,,,
,RCIN 600MG CAPSULE,Rem,0,1-0-0,,,Before Breakfast,,stat,0,,,,,,,,,,,,,
,REBAGEN 100MG TABLET,Rem,0,1-1-2001,,,After Food,,daily,0,,,,,,,,,,,,,
,REGAINE 2% SOLUTION 1 ML,Rem,0,1-0-1,,,Morning and Night,,daily,0,,,,,,,,,,,,,
,REGAINE 2% SOLUTION 1ML,Rem,0,1-0-1,,,Morning and Night,,daily,0,,,,,,,,,,,,,
,REGAINE 5% SOLUTION 1 ML,Rem,0,1-0-1,,,Morning and Night,,daily,0,,,,,,,,,,,,,
,REGAINE 5% SOLUTION 1ML,Rem,0,1-0-1,,,Morning and Night,,daily,0,,,,,,,,,,,,,
,SALACTIN PAINT,Rem,0,1-0-1,,,Morning and Night,,daily,0,,,,,,,,,,,,,
,SALYSURE - S SOAP,Rem,0,0-0-0,,,,,daily,0,,,,,,,,,,,,,
,SASLIC DS FOAMING FACE WASH,Rem,0,0-0-0,,,,,daily,0,,,,,,,,,,,,,
,SCALPE PLUS ANTI-DANDRUFF SHAMPOO,Rem,0,0-0-0,,,,,alternate day,0,,,,,,,,,,,,,
,SCALPE PLUS LOTION,Rem,0,0-0-0,,,,,alternate day,0,,,,,,,,,,,,,
,SCARKARE GEL,Rem,0,1-0-1,,,Morning and Night,,daily,0,,,,,,,,,,,,,
,SEBONAC 30GM GEL,Rem,0,1-0-0,,,Morning,,daily,0,Perioral Area,,,,,,,,,,,,
,SERTEE 25 TABLET,Rem,0,0-0-1,,,Night,,daily,0,,,,,,,,,,,,,
,SERTEE 50 TABLET,Rem,0,0-0-1,,,Night,,daily,0,,,,,,,,,,,,,
,SHELCAL 500MG,Rem,0,1-0-1,,,After Food,,daily,0,,,,,,,,,,,,,
,SILVEREX IONIC 20GM GEL,Rem,0,1-0-1,,,Morning and Night,,daily,0,,,,,,,,,,,,,
,SOFRAMYCIN SKIN 30GM CREAM,Rem,0,1-0-1,,,Morning and Night,,daily,0,,,,,,,,,,,,,
,SORVATE - C OINTMENT,Rem,0,1-0-1,,,Morning and Night,,daily,0,,,,,,,,,,,,,
,SORVATE C 10GM OINTMENT,Rem,0,1-0-1,,,Morning and Night,,daily,0,,,,,,,,,,,,,
,SORVATE OINTMENT,Rem,0,1-0-1,,,Morning and Night,,daily,0,,,,,,,,,,,,,
,SUNBAN FORTE 60GM CREAM,Rem,0,0-0-0,,,,,daily,0,,,,,,,,,,,,,
,SUNCOTE GEL,Rem,0,1-0-0,,,Morning,,daily,0,,,,,,,,,,,,,
,T-BACT OINTMENT,Rem,0,1-0-1,,,Morning and Night,,daily,0,,,,,,,,,,,,,
,TACROZ FORTE 10GM OINTMENT,Rem,0,1-0-1,,,Morning and Night,,daily,0,,,,,,,,,,,,,
,TACROZ FORTE 20ML LOTION,Rem,0,1-0-1,,,Morning and Night,,daily,0,,,,,,,,,,,,,
,TACZERO FORTE OINTMENT 0.1 %,Rem,0,1-0-1,,,Morning and Night,,daily,0,,,,,,,,,,,,,
,TACZERO OINTMENT 0.03 %,Rem,0,1-0-1,,,Morning and Night,,daily,0,,,,,,,,,,,,,
,TACZERO OINTMENT 0.03%,Rem,0,1-0-1,,,Morning and Night,,daily,0,,,,,,,,,,,,,
,TACZERO OINTMENT 0.1 %,Rem,0,1-0-1,,,Morning and Night,,daily,0,,,,,,,,,,,,,
,TECZINE 5MG TABLET,Rem,0,0-0-1,,,After Food,,daily,0,,,,,,,,,,,,,
,THROMBOPHOB GEL,Rem,0,0-0-0,,,,,daily,0,,Heparin 200 IU,,,,,,,,,,,
,TIMOLET 0.25% EYE DROP,Rem,0,1-0-1,,,Morning and Night,,daily,0,for local skin application,,,,,,,,,,,,
,TRETIN 0.025% CREAM,Rem,0,0-0-1,,,Night,,daily,0,,,,,,,,,,,,,
,TRYPTOMER 10MG TABLET,Rem,0,1-0-1,,,After Food,,daily,0,,,,,,,,,,,,,
,TRYPTOMER 25MG TABLET,Rem,0,1-0-0,,,After Food,,daily,0,,,,,,,,,,,,,
,ULTRACET TABLET,Rem,0,1-0-1,,,After Food,,daily,0,,,,,,,,,,,,,
,UPRISE D3 60K CAPSULE,Rem,0,1-0-0,,,After Food,,weekly,0,,,,,,,,,,,,,
,VENUSIA CREAM,Rem,0,1-0-1,,,Morning and Night,,daily,0,,,,,,,,,,,,,
,VITADERMA C SCAR THERAPY CREAM 20 GM,Rem,0,1-0-1,,,Morning and Night,,daily,0,,,,,,,,,,,,,
,VITAMIN A CHEW TABLET,Rem,0,0-0-1,,,After Food,,daily,0,,,,,,,,,,,,,
,VITCROSS MAX TABLET,Rem,0,0-0-1,,,After Food,,daily,0,,,,,,,,,,,,,
,VIZYLAC CAPSULE,Rem,0,1-0-1,,,Morning and Night,,daily,0,,,,,,,,,,,,,
,WATNIL 10ML LOTION,Rem,0,1-0-1,,,Morning and Night,,daily,0,,,,,,,,,,,,,
,ZENTEL 10ML SUSPENSION,Rem,0,0-0-2,,,After Food,,stat,0,,,,,,,,,,,,,
,ZENTEL 400 MG TABLET,Rem,0,0-0-1,,,After Food,,stat,0,,,,,,,,,,,,,
,ZIFI 100MG DT TABLET,Rem,0,1-0-1,,,Morning and Night,,daily,0,,,,,,,,,,,,,
,ZIFI 100MG TABLET,Rem,0,1-0-1,,,Morning and Night,,daily,5 Days,,,,,,,,,,,,,
,ZIFI CV 200MG TABLET,Rem,0,1-0-1,,,After Food,,daily,0,,,,,,,,,,,,,
,ZINCOBEST SYRUP,Rem,0,1-0-1,,,,,daily,0,,,,,,,,,,,,,
,ZINCOVIT 200ML SYRUP,Rem,0,1-0-1,,,After Food,,daily,0,,,,,,,,,,,,,
,ZINCOVIT TABLET,Rem,0,0-0-1,,,After Food,,daily,0,,,,,,,,,,,,,
,ZOCON 150 MG TABLET,Rem,0,0-0-1,,,After Food,,alternate day,0,,,,,,,,,,,,,
,ZOVIRAX SUSPENSION,Rem,0,0.5-0.5-0.5,,,After Food,,daily,0,,,,,,,,,,,,,
,`,Rem,0,0-0-0,,,,,daily,0,,,,,,,,,,,,,
,,,,,,,,,,,,,,,,,,,,,,,
,,,,,,,,,,,,,,,,,,,,,,,
,,,,,,,,,,,,,,,,,,,,,,,
,,,,,,,,,,,,,,,,,,,,,,,
,,,,,,,,,,,,,,,,,,,,,,,
,,,,,,,,,,,,,,,,,,,,,,,
,,,,,,,,,,,,,,,,,,,,,,,
,,,,,,,,,,,,,,,,,,,,,,,
,,,,,,,,,,,,,,,,,,,,,,,
,,,,,,,,,,,,,,,,,,,,,,,
,,,,,,,,,,,,,,,,,,,,,,,
,,,,,,,,,,,,,,,,,,,,,,,
,,,,,,,,,,,,,,,,,,,,,,,
,,,,,,,,,,,,,,,,,,,,,,,
,,,,,,,,,,,,,,,,,,,,,,,
,,,,,,,,,,,,,,,,,,,,,,,
,,,,,,,,,,,,,,,,,,,,,,,
,,,,,,,,,,,,,,,,,,,,,,,
,,,,,,,,,,,,,,,,,,,,,,,
,,,,,,,,,,,,,,,,,,,,,,,
,,,,,,,,,,,,,,,,,,,,,,,
,,,,,,,,,,,,,,,,,,,,,,,
,,,,,,,,,,,,,,,,,,,,,,,
,,,,,,,,,,,,,,,,,,,,,,,
,,,,,,,,,,,,,,,,,,,,,,,
,,,,,,,,,,,,,,,,,,,,,,,
,,,,,,,,,,,,,,,,,,,,,,,
,,,,,,,,,,,,,,,,,,,,,,,
,,,,,,,,,,,,,,,,,,,,,,,
,,,,,,,,,,,,,,,,,,,,,,,
,,,,,,,,,,,,,,,,,,,,,,,
,,,,,,,,,,,,,,,,,,,,,,,
,,,,,,,,,,,,,,,,,,,,,,,
,,,,,,,,,,,,,,,,,,,,,,,
,,,,,,,,,,,,,,,,,,,,,,,
,,,,,,,,,,,,,,,,,,,,,,,
,,,,,,,,,,,,,,,,,,,,,,,
,,,,,,,,,,,,,,,,,,,,,,,
,,,,,,,,,,,,,,,,,,,,,,,
,,,,,,,,,,,,,,,,,,,,,,,
,,,,,,,,,,,,,,,,,,,,,,,
,,,,,,,,,,,,,,,,,,,,,,,
,,,,,,,,,,,,,,,,,,,,,,,
,,,,,,,,,,,,,,,,,,,,,,,
,,,,,,,,,,,,,,,,,,,,,,,
,,,,,,,